Epoch,Total Epochs,Iteration,Total Iterations,Loss_D,Loss_G,D(x),D(G(z))_Real,D(G(z))_Fake
0,1000,0,32,1.2464518547058105,4.4270124435424805,0.5810453295707703,0.4900842607021332,0.01222978625446558
